seed,best_epoch,best_loss,best_val_loss,rmse_test,r2_test
0,13,0.005214520438919403,0.005369314619190531,0.4167514227549718,0.9593172612666877
1,6,0.007136012695529199,0.005412089029028092,0.4181245945978522,0.959048725044689
2,9,0.005975768327445635,0.005378288533078667,0.417041861881245,0.9592605369185293
42,3,0.007922942636391884,0.005433402147810952,0.42814898729507606,0.9570616015671378
99,1,0.028775933330391423,0.00535886084522914,0.4657376539666885,0.949191227626958
123,1,0.03455452860080431,0.00540518810696624,0.4889371800928349,0.9440033396727915
