{
    "lookback": 16,
    "filters": 28,
    "kernel_size": 3,
    "lstm_units": 117,
    "dense_units": 36,
    "dropout_rate": 0.37296872175003204,
    "learning_rate": 0.003336387650247907,
    "l2_reg": 0.0001718934716700621,
    "batch_size": 32
}