{
  "best_value": 1.0167169313849285,
  "best_params": {
    "batch_size": 384,
    "lr_g": 0.0004169990777997925,
    "lr_d": 0.0002138277510675073,
    "n_critic": 2,
    "gen_hidden": 192,
    "disc_hidden": 128,
    "gen_dropout": 0.06618371404899567,
    "moment_loss_weight": 0.4251433485493874,
    "drift_loss_weight": 0.41820520563189023
  },
  "best_user_attrs": {
    "gold_quality_label": "usable_with_caution",
    "silver_quality_label": "usable_with_caution",
    "gold_avg_ks_stat": 0.17209280814054667,
    "silver_avg_ks_stat": 0.0738457331086633
  }
}