{
  "avg_vol_gap": 0.0018779393711541303,
  "max_vol_gap": 0.0018783377349760322,
  "avg_mean_gap_z": 4.508061843433612e-07,
  "avg_ks_stat": 0.18432604012653064,
  "avg_acf_gap": 0.14167781597533224,
  "corr_gap": 0.2569900851496287,
  "full_avg_ks_stat": 0.1841297070578996,
  "recent_avg_ks_stat": 0.18445692883895132,
  "full_avg_acf_gap": 0.14386606012375583,
  "recent_avg_acf_gap": 0.14021898654304987,
  "full_corr_gap": 0.23706112666766402,
  "recent_corr_gap": 0.2702760574709384,
  "quality_score": 1.3578267022448662,
  "quality_label": "usable_with_caution",
  "candidate": 8,
  "seed": 1
}