{
  "avg_vol_gap": 0.0018779026850224145,
  "max_vol_gap": 0.0018781076756011483,
  "avg_mean_gap_z": 1.993120900095937e-07,
  "avg_ks_stat": 0.19099229730895734,
  "avg_acf_gap": 0.14389982905290938,
  "corr_gap": 0.2999310871806075,
  "full_avg_ks_stat": 0.20500883316003377,
  "recent_avg_ks_stat": 0.18164794007490637,
  "full_avg_acf_gap": 0.14999457609049582,
  "recent_avg_acf_gap": 0.1398366643611851,
  "full_corr_gap": 0.2908979223592624,
  "recent_corr_gap": 0.30595319706150426,
  "quality_score": 1.468150844771198,
  "quality_label": "usable_with_caution",
  "candidate": 4,
  "seed": 2
}