{
  "avg_vol_gap": 0.0018724313838319369,
  "max_vol_gap": 0.0018774075592837836,
  "avg_mean_gap_z": 3.566994335277539e-08,
  "avg_ks_stat": 0.07990073802638646,
  "avg_acf_gap": 0.04271822512905955,
  "corr_gap": 0.02340262213056866,
  "full_avg_ks_stat": 0.07475184506596616,
  "recent_avg_ks_stat": 0.08333333333333333,
  "full_avg_acf_gap": 0.040839731755302616,
  "recent_avg_acf_gap": 0.04397055404489752,
  "full_corr_gap": 6.770529295218689e-06,
  "recent_corr_gap": 0.038999856531417625,
  "quality_score": 0.3794436043196189,
  "quality_label": "good",
  "candidate": 20,
  "seed": 2
}