{
  "avg_vol_gap": 0.0018778945677909349,
  "max_vol_gap": 0.0018780128471374002,
  "avg_mean_gap_z": 1.7103242571689266e-08,
  "avg_ks_stat": 0.09365299760368302,
  "avg_acf_gap": 0.06874525433102406,
  "corr_gap": 0.37087594131072776,
  "full_avg_ks_stat": 0.08853324307287797,
  "recent_avg_ks_stat": 0.0970661672908864,
  "full_avg_acf_gap": 0.0606479828774934,
  "recent_avg_acf_gap": 0.0741434353000445,
  "full_corr_gap": 0.3707817607228975,
  "recent_corr_gap": 0.37093872836928127,
  "quality_score": 1.1677132074760308,
  "quality_label": "reject",
  "candidate": 11,
  "seed": 0
}