{
    "lookback": 49,
    "filters": 70,
    "kernel_size": 2,
    "lstm_units": 108,
    "dense_units": 56,
    "dropout_rate": 0.41299384781650844,
    "learning_rate": 0.0030684415263794985,
    "l2_reg": 0.00031911022703756404,
    "batch_size": 32
}