{
    "lookback": 16,
    "filters": 60,
    "lstm_units": 182,
    "dropout": 0.15579754426081674,
    "lr": 0.0003135775732257748,
    "kernel_size": 5,
    "batch_size": 64
}