{
  "avg_vol_gap": 0.002169103824359686,
  "max_vol_gap": 0.0038386099019760422,
  "avg_mean_gap_z": 0.00015968119147285103,
  "avg_ks_stat": 0.0850276727946631,
  "avg_acf_gap": 0.053006879702768434,
  "corr_gap": 0.02265110233451588,
  "full_avg_ks_stat": 0.0835482029656787,
  "recent_avg_ks_stat": 0.08601398601398602,
  "full_avg_acf_gap": 0.0529248874836105,
  "recent_avg_acf_gap": 0.05306154118220706,
  "full_corr_gap": 0.01205119154005791,
  "recent_corr_gap": 0.029717709530821194,
  "quality_score": 0.41849425050696576,
  "quality_label": "good",
  "candidate": 11,
  "seed": 0
}